Variable,Coefficient,Odds Ratio,p-value,95% CI
const,55.86318874670624,1.8242090846940893e+24,0.9997522517298,"(0.0000, inf)"
EILC,496.5726684224154,4.557952131552345e+215,0.9990486725597404,"(0.0000, inf)"
LOC,75.79038805865541,8.229004791109292e+32,0.9996977086489485,"(0.0000, inf)"
PrevFixing,-449.3666901363413,6.958668095828176e-196,0.9990437498418299,"(0.0000, inf)"
CodeChurn,-1.5089060793473585,0.22115176817218446,0.9999909209931515,"(0.0000, inf)"
