Variable,Coefficient,Odds Ratio,p-value,95% CI
const,-1.3213615507268486,0.2667718311993858,0.9990005129653615,"(0.0000, inf)"
ASMRV,8.429031191991104,4578.062680018084,0.9994105590193869,"(0.0000, inf)"
EILC,-3.08289382295193,0.045826450948070946,0.9994108500307696,"(0.0000, inf)"
LRA,4.636768351875692,103.21026878993112,0.9991772769319748,"(0.0000, inf)"
MMM,-1.518349131986415,0.21907324960953067,0.047788932694131245,"(0.0487, 0.9853)"
NHE,-8.819511066050318,0.00014782061708433567,0.9994068788648413,"(0.0000, inf)"
PrevFixing,-0.7886669846241621,0.4544501807771537,0.15984466145073095,"(0.1513, 1.3649)"
CodeChurn,0.8489612616500644,2.3372178327916577,0.16727345747590838,"(0.7005, 7.7976)"
