Variable,Coefficient,Odds Ratio,p-value,95% CI
const,-330.1009552279562,4.354884824323742e-144,0.9990099259861479,"(0.0000, inf)"
NHE,-514.5764694579386,3.3287317404635805e-224,0.9990424015468977,"(0.0000, inf)"
NSL,2.6525678079062014,14.19043020098012,0.9999853714043174,"(0.0000, inf)"
code_churn,212.1802437182942,1.4083448686177834e+92,0.9989510630475229,"(0.0000, inf)"
