Variable,Coefficient,Odds Ratio,p-value,95% CI
const,6.140363389733257,464.22223380594335,0.9985849240023332,"(0.0000, inf)"
MMM,-1.3391951694917374,0.2620564947911588,0.04612678169194568,"(0.0703, 0.9773)"
NCOE,1.012544089342186,2.752594962137985,0.35313062905134207,"(0.3247, 23.3323)"
NSL,9.180204609327845,9703.137922357831,0.9991418162952159,"(0.0000, inf)"
PEO,2.970547916798183,19.502602472603115,0.9996609834795112,"(0.0000, inf)"
TMS,-0.7292376746208656,0.48227650160766167,0.2076229246026935,"(0.1551, 1.4993)"
previous_fixes,-1.9839416964975498,0.13752608146276674,0.18777991610337463,"(0.0072, 2.6331)"
code_churn,4.568889559618988,96.43696279597899,0.05468385285532565,"(0.9123, 10193.7437)"
