Variable,Coefficient,Odds Ratio,p-value,95% CI
const,0.3459530466860221,1.4133362534388585,0.553286714899119,"(0.4503, 4.4357)"
EILC,0.7393183784565116,2.0945073664774445,0.23284351800692882,"(0.6217, 7.0559)"
