Variable,Coefficient,Odds Ratio,p-value,95% CI
const,8.629807712212337,5596.002106485692,0.9986172545643616,"(0.0000, inf)"
EILC,2.6356138599338452,13.951874331654237,0.3013499706891092,"(0.0942, 2066.6276)"
MMM,6.722521527054639,830.9100343278078,0.9993674548286335,"(0.0000, inf)"
NCOE,7.511721292232111,1829.3596969505736,0.9993729259346903,"(0.0000, inf)"
NSL,7.18930125042149,1325.1769152114362,0.999360014422505,"(0.0000, inf)"
PEO,0.7053530871607736,2.02456140537405,0.9999470329509338,"(0.0000, inf)"
TMS,0.44621054302946245,1.5623803802057097,0.671526818598817,"(0.1987, 12.2875)"
